priority,name,kind,value,expected_in_sitemap,match_count,status,severity,sample_match_1,sample_match_2,sample_match_3,notes
1,Current Eater 38 London,exact,https://www.eater.com/maps/best-london-restaurants-eater-38,True,1,present,ok,https://www.eater.com/maps/best-london-restaurants-eater-38,,,
2,London Eater map articles,prefix,https://london.eater.com/maps/,True,290,present,ok,https://london.eater.com/maps/10-best-places-restaurants-in-crystal-palace,https://london.eater.com/maps/2019-oscars-the-favourite-food-restaurant-locations-london,https://london.eater.com/maps/autumn-thanksgiving-specials-london-restaurants-2022,
3,Best vegan restaurants London,exact,https://www.eater.com/maps/best-vegan-restaurants-london,True,1,present,ok,https://www.eater.com/maps/best-vegan-restaurants-london,,,
3,Michelin-starred London restaurants,exact,https://www.eater.com/maps/michelin-star-restaurants-london,True,1,present,ok,https://www.eater.com/maps/michelin-star-restaurants-london,,,
3,London where-to-eat map,exact,https://www.eater.com/maps/london-where-to-eat-map,True,1,present,ok,https://www.eater.com/maps/london-where-to-eat-map,,,
3,Old London heat map 1,exact,https://www.eater.com/maps/the-eater-london-heat-map-where-to-eat-right-now,True,1,present,ok,https://www.eater.com/maps/the-eater-london-heat-map-where-to-eat-right-now,,,
3,Old London heat map 2,exact,https://www.eater.com/maps/the-eater-london-heat-map-where-to-eat-right-now-3,True,1,present,ok,https://www.eater.com/maps/the-eater-london-heat-map-where-to-eat-right-now-3,,,
4,London Eater venue pages,regex,^https://london\.eater\.com/venue/\d+/[^/?#]+/?$,True,3919,present,ok,https://london.eater.com/venue/100971/cadet,https://london.eater.com/venue/100972/b-nh-m-hoi-an,https://london.eater.com/venue/100973/thattukada-3,
5,Main Eater venue pages,regex,^https://www\.eater\.com/venue/\d+/[^/?#]+/?$,True,13261,present,ok,https://www.eater.com/venue/100000/congress-bar-cafe,https://www.eater.com/venue/100001/rbf-your-authentic-champagne-bar,https://www.eater.com/venue/100002/isaac-s-bagels,
6,London restaurant guides index,exact,https://london.eater.com/london-restaurant-guides,False,1,present,ok,https://london.eater.com/london-restaurant-guides,,,
7,Best food London neighbourhoods index,exact,https://london.eater.com/best-food-london-neighbourhoods,False,1,present,ok,https://london.eater.com/best-food-london-neighbourhoods,,,
8,Dining out London index,exact,https://london.eater.com/dining-out-london,False,1,present,ok,https://london.eater.com/dining-out-london,,,
9,Where to eat in London index,exact,https://london.eater.com/where-to-eat-in-london,False,1,present,ok,https://london.eater.com/where-to-eat-in-london,,,
10,Coffee shops and cafes London,exact,https://london.eater.com/coffee-shops-cafes-london,False,1,present,ok,https://london.eater.com/coffee-shops-cafes-london,,,
11,Cocktails beer wine London,exact,https://london.eater.com/cocktails-beer-wine,False,1,present,ok,https://london.eater.com/cocktails-beer-wine,,,
12,Michelin stars London restaurants,exact,https://london.eater.com/michelin-stars-london-restaurants,False,1,present,ok,https://london.eater.com/michelin-stars-london-restaurants,,,
13,Openings,exact,https://london.eater.com/openings,False,1,present,ok,https://london.eater.com/openings,,,
14,News,exact,https://london.eater.com/news,False,1,present,ok,https://london.eater.com/news,,,
15,Daily restaurant news London,exact,https://london.eater.com/daily-restaurant-news-london,False,1,present,ok,https://london.eater.com/daily-restaurant-news-london,,,
16,Expansions,exact,https://london.eater.com/expansions,False,1,present,ok,https://london.eater.com/expansions,,,
17,Closings,exact,https://london.eater.com/closings,False,1,present,ok,https://london.eater.com/closings,,,
18,London restaurant chains,exact,https://london.eater.com/london-restaurant-chains,False,1,present,ok,https://london.eater.com/london-restaurant-chains,,,
19,London chefs news,exact,https://london.eater.com/london-chefs-news,False,1,present,ok,https://london.eater.com/london-chefs-news,,,
20,Restaurant reviews news,exact,https://london.eater.com/restaurant-reviews-news,False,1,present,ok,https://london.eater.com/restaurant-reviews-news,,,
21,Pop-ups,exact,https://london.eater.com/pop-ups,False,1,present,ok,https://london.eater.com/pop-ups,,,
22,Delivery,exact,https://london.eater.com/delivery,False,1,present,ok,https://london.eater.com/delivery,,,
23,London nightlife news,exact,https://london.eater.com/london-nightlife-news,False,1,present,ok,https://london.eater.com/london-nightlife-news,,,
24,London celebrities spotted restaurants,exact,https://london.eater.com/london-celebrities-spotted-restaurants,False,1,present,ok,https://london.eater.com/london-celebrities-spotted-restaurants,,,
25,Eater archives category,exact,https://london.eater.com/eater-archives,False,1,present,ok,https://london.eater.com/eater-archives,,,
26,Pop culture food,exact,https://london.eater.com/pop-culture-food,False,1,present,ok,https://london.eater.com/pop-culture-food,,,
27,Food TV UK,exact,https://london.eater.com/food-tv-uk,False,1,present,ok,https://london.eater.com/food-tv-uk,,,
28,Cheap eats,exact,https://london.eater.com/cheap-eats,False,1,present,ok,https://london.eater.com/cheap-eats,,,
29,Cookbooks UK,exact,https://london.eater.com/cookbooks-uk,False,1,present,ok,https://london.eater.com/cookbooks-uk,,,
30,UK food policy,exact,https://london.eater.com/uk-food-policy,False,1,present,ok,https://london.eater.com/uk-food-policy,,,
31,London food media,exact,https://london.eater.com/london-food-media,False,1,present,ok,https://london.eater.com/london-food-media,,,
32,Novelty food,exact,https://london.eater.com/novelty-food,False,1,present,ok,https://london.eater.com/novelty-food,,,
33,London Eater dated article pages,regex,"^https://london\.eater\.com/\d{4}/\d{1,2}/\d{1,2}/[^/?#]+/?$",True,0,missing,warning_missing_expected_content,,,,
34,London Eater monthly sitemap/archive entries,regex,"^https://london\.eater\.com/sitemaps/entries/\d{4}/\d{1,2}/?$",False,0,missing,info_seed_not_in_sitemap,,,,
35,London Eater neighbourhood pages,regex,^https://london\.eater\.com/neighborhood/\d+/[^/?#]+/?$,False,47,present,ok,https://london.eater.com/neighborhood/2116/shoreditch,https://london.eater.com/neighborhood/2117/soho,https://london.eater.com/neighborhood/2118/king-s-cross,
36,Main Eater London hub,exact,https://www.eater.com/london,False,1,present,ok,https://www.eater.com/london,,,
37,Main Eater London archive/article pages,regex,"^https://www\.eater\.com/\d{4}/\d{1,2}/\d{1,2}/[^/?#]+/?$",True,0,missing,warning_missing_expected_content,,,,
38,Main Eater map pages,prefix,https://www.eater.com/maps/,True,492,present,ok,https://www.eater.com/maps/11-hot-new-wine-bars-across-america-where-to-drink-right-now,https://www.eater.com/maps/11-restaurants-that-should-have-3-michelin-stars,https://www.eater.com/maps/12-locales-to-sip-on-trendy-bone-broth,
39,Main Eater video pages,prefix,https://www.eater.com/video/,True,327,present,ok,https://www.eater.com/video,https://www.eater.com/video/2014/12/10/7370977/i-had-a-champagne-coup-made-of-my-left-boob,https://www.eater.com/video/2014/12/5/7342045/future-food-the-technology-changing-the-way-we-cook,
40,Main Eater awards pages,prefix,https://www.eater.com/eater-awards,True,2,present,ok,https://www.eater.com/eater-awards,https://www.eater.com/eater-awards/888156/eater-dc-spj-society-of-professional-journalists-local-award-for-online-breaking-news-story,,
41,Main Eater Michelin pages,prefix,https://www.eater.com/michelin,True,0,missing,warning_missing_expected_content,,,,
42,Main Eater venue object sitemaps,prefix,https://www.eater.com/sitemaps/objects/venue/,False,6,present,ok,https://www.eater.com/sitemaps/objects/venue/1,https://www.eater.com/sitemaps/objects/venue/2,https://www.eater.com/sitemaps/objects/venue/3,
43,Main Eater video sitemaps,prefix,https://www.eater.com/sitemaps/video/,False,3,present,ok,https://www.eater.com/sitemaps/video/1,https://www.eater.com/sitemaps/video/2,https://www.eater.com/sitemaps/video/3,
